<ImportExportXml xmlns:xsi="http://www.w3.org/2001/XMLSchema-instance">
  <Entities>
    <Entity>
      <Name LocalizedName="Lead" OriginalName="Lead">Lead</Name>
      <EntityInfo>
        <entity Name="Lead">
          <attributes>
            <attribute PhysicalName="EMailAddress1">
              <Type>nvarchar</Type>
              <Name>emailaddress1</Name>
              <LogicalName>emailaddress1</LogicalName>
              <RequiredLevel>required</RequiredLevel>
              <DisplayMask>ValidForAdvancedFind|ValidForForm|ValidForGrid</DisplayMask>
              <ImeMode>inactive</ImeMode>
              <ValidForUpdateApi>1</ValidForUpdateApi>
              <ValidForReadApi>1</ValidForReadApi>
              <ValidForCreateApi>1</ValidForCreateApi>
              <IsCustomField>0</IsCustomField>
              <IsAuditEnabled>1</IsAuditEnabled>
              <IsSecured>0</IsSecured>
              <IntroducedVersion>5.0.0.0</IntroducedVersion>
              <SourceType>0</SourceType>
              <IsGlobalFilterEnabled>0</IsGlobalFilterEnabled>
              <IsSortableEnabled>0</IsSortableEnabled>
              <IsDataSourceSecret>0</IsDataSourceSecret>
              <AutoNumberFormat></AutoNumberFormat>
              <IsSearchable>0</IsSearchable>
              <IsFilterable>0</IsFilterable>
              <IsRetrievable>1</IsRetrievable>
              <IsLocalizable>0</IsLocalizable>
              <Format>email</Format>
              <MaxLength>100</MaxLength>
              <Length>200</Length>
              <displaynames>
                <displayname description="Email" languagecode="1033" />
              </displaynames>
              <Descriptions>
                <Description description="Type the primary email address for the lead." languagecode="1033" />
              </Descriptions>
            </attribute>
            <attribute PhysicalName="EntityImage">
              <Type>image</Type>
              <Name>entityimage</Name>
              <LogicalName>entityimage</LogicalName>
              <RequiredLevel>none</RequiredLevel>
              <DisplayMask>DenormalizedChild|PrimaryImage</DisplayMask>
              <ImeMode>disabled</ImeMode>
              <ValidForUpdateApi>1</ValidForUpdateApi>
              <ValidForReadApi>1</ValidForReadApi>
              <ValidForCreateApi>1</ValidForCreateApi>
              <IsCustomField>0</IsCustomField>
              <IsAuditEnabled>0</IsAuditEnabled>
              <IsLogical>1</IsLogical>
              <IsSecured>0</IsSecured>
              <IntroducedVersion>6.0.0.0</IntroducedVersion>
              <IsCustomizable>1</IsCustomizable>
              <IsRenameable>1</IsRenameable>
              <CanModifySearchSettings>0</CanModifySearchSettings>
              <CanModifyRequirementLevelSettings>0</CanModifyRequirementLevelSettings>
              <CanModifyAdditionalSettings>0</CanModifyAdditionalSettings>
              <SourceType>0</SourceType>
              <IsGlobalFilterEnabled>0</IsGlobalFilterEnabled>
              <IsSortableEnabled>0</IsSortableEnabled>
              <CanModifyGlobalFilterSettings>1</CanModifyGlobalFilterSettings>
              <CanModifyIsSortableSettings>1</CanModifyIsSortableSettings>
              <IsDataSourceSecret>0</IsDataSourceSecret>
              <AutoNumberFormat></AutoNumberFormat>
              <IsSearchable>0</IsSearchable>
              <IsFilterable>0</IsFilterable>
              <IsRetrievable>0</IsRetrievable>
              <IsLocalizable>0</IsLocalizable>
              <Format>jpeg</Format>
              <MaxLength>9437328</MaxLength>
              <displaynames>
                <displayname description="Entity Image" languagecode="1033" />
              </displaynames>
              <Descriptions>
                <Description description="Shows the default image for the record." languagecode="1033" />
              </Descriptions>
            </attribute>
            <attribute PhysicalName="ExchangeRate">
              <Type>decimal</Type>
              <Name>exchangerate</Name>
              <LogicalName>exchangerate</LogicalName>
              <RequiredLevel>none</RequiredLevel>
              <DisplayMask>ValidForAdvancedFind|ValidForForm|ValidForGrid</DisplayMask>
              <ImeMode>disabled</ImeMode>
              <ValidForUpdateApi>0</ValidForUpdateApi>
              <ValidForReadApi>1</ValidForReadApi>
              <ValidForCreateApi>0</ValidForCreateApi>
              <IsCustomField>0</IsCustomField>
              <IsAuditEnabled>1</IsAuditEnabled>
              <IsSecured>0</IsSecured>
              <IntroducedVersion>5.0.0.0</IntroducedVersion>
              <IsCustomizable>1</IsCustomizable>
              <IsRenameable>1</IsRenameable>
              <CanModifySearchSettings>1</CanModifySearchSettings>
              <CanModifyRequirementLevelSettings>1</CanModifyRequirementLevelSettings>
              <CanModifyAdditionalSettings>1</CanModifyAdditionalSettings>
              <SourceType>0</SourceType>
              <IsGlobalFilterEnabled>0</IsGlobalFilterEnabled>
              <IsSortableEnabled>0</IsSortableEnabled>
              <CanModifyGlobalFilterSettings>1</CanModifyGlobalFilterSettings>
              <CanModifyIsSortableSettings>1</CanModifyIsSortableSettings>
              <IsDataSourceSecret>0</IsDataSourceSecret>
              <AutoNumberFormat></AutoNumberFormat>
              <IsSearchable>0</IsSearchable>
              <IsFilterable>0</IsFilterable>
              <IsRetrievable>0</IsRetrievable>
              <IsLocalizable>0</IsLocalizable>
              <MinValue>1E-12</MinValue>
              <MaxValue>100000000000</MaxValue>
              <Accuracy>12</Accuracy>
              <displaynames>
                <displayname description="Exchange Rate" languagecode="1033" />
              </displaynames>
              <Descriptions>
                <Description description="Shows the conversion rate of the record's currency. The exchange rate is used to convert all money fields in the record from the local currency to the system's default currency." languagecode="1033" />
              </Descriptions>
            </attribute>
          </attributes>
          <EntitySetName>leads</EntitySetName>
          <IsDuplicateCheckSupported>1</IsDuplicateCheckSupported>
          <IsBusinessProcessEnabled>1</IsBusinessProcessEnabled>
          <IsRequiredOffline>0</IsRequiredOffline>
          <IsInteractionCentricEnabled>0</IsInteractionCentricEnabled>
          <IsCollaboration>0</IsCollaboration>
          <AutoRouteToOwnerQueue>0</AutoRouteToOwnerQueue>
          <IsConnectionsEnabled>1</IsConnectionsEnabled>
          <EntityColor>#0071C5</EntityColor>
          <IsDocumentManagementEnabled>1</IsDocumentManagementEnabled>
          <AutoCreateAccessTeams>0</AutoCreateAccessTeams>
          <IsOneNoteIntegrationEnabled>1</IsOneNoteIntegrationEnabled>
          <IsKnowledgeManagementEnabled>0</IsKnowledgeManagementEnabled>
          <IsSLAEnabled>0</IsSLAEnabled>
          <IsDocumentRecommendationsEnabled>0</IsDocumentRecommendationsEnabled>
          <IsBPFEntity>0</IsBPFEntity>
          <OwnershipTypeMask>UserOwned</OwnershipTypeMask>
          <EntityMask>ActivityPointer</EntityMask>
          <IsAuditEnabled>0</IsAuditEnabled>
          <IsRetrieveAuditEnabled>0</IsRetrieveAuditEnabled>
          <IsRetrieveMultipleAuditEnabled>0</IsRetrieveMultipleAuditEnabled>
          <IsActivity>0</IsActivity>
          <ActivityTypeMask></ActivityTypeMask>
          <IsActivityParty>1</IsActivityParty>
          <IsReplicated>1</IsReplicated>
          <IsReplicationUserFiltered>1</IsReplicationUserFiltered>
          <IsMailMergeEnabled>1</IsMailMergeEnabled>
          <IsVisibleInMobile>1</IsVisibleInMobile>
          <IsVisibleInMobileClient>1</IsVisibleInMobileClient>
          <IsReadOnlyInMobileClient>0</IsReadOnlyInMobileClient>
          <IsOfflineInMobileClient>1</IsOfflineInMobileClient>
          <DaysSinceRecordLastModified>10</DaysSinceRecordLastModified>
          <MobileOfflineFilters>
				&lt;fetch version="1.0" output-format="xml-platform" mapping="logical" distinct="false"&gt;
					&lt;entity name="lead"&gt;
						&lt;filter type="and"&gt;
							&lt;condition attribute="modifiedon" operator="last-x-days" value="10"/&gt;
						&lt;/filter&gt;
					&lt;/entity&gt;
				&lt;/fetch&gt;
      </MobileOfflineFilters>
          <IsMapiGridEnabled>1</IsMapiGridEnabled>
          <IsReadingPaneEnabled>1</IsReadingPaneEnabled>
          <IsQuickCreateEnabled>1</IsQuickCreateEnabled>
          <SyncToExternalSearchIndex>1</SyncToExternalSearchIndex>
          <IntroducedVersion>5.0.0.0</IntroducedVersion>
          <EnforceStateTransitions>0</EnforceStateTransitions>
          <EntityHelpUrlEnabled>0</EntityHelpUrlEnabled>
          <ChangeTrackingEnabled>1</ChangeTrackingEnabled>
          <IsEnabledForExternalChannels>0</IsEnabledForExternalChannels>
          <IsMSTeamsIntegrationEnabled>0</IsMSTeamsIntegrationEnabled>
          <IsSolutionAware>0</IsSolutionAware>
          <HasRelatedNotes>True</HasRelatedNotes>
          <HasRelatedActivities>True</HasRelatedActivities>
        </entity>
      </EntityInfo>
      <FormXml>
        <forms type="main">
          <systemform>
            <formid>{9886ead0-4fcc-4747-9a18-08e7a9a6de71}</formid>
            <IntroducedVersion>5.0.0.0</IntroducedVersion>
            <FormPresentation>0</FormPresentation>
            <FormActivationState>0</FormActivationState>
            <form showImage="true">
              <tabs>
                <tab name="general" verticallayout="true" id="{2c26e8f7-026f-4d3e-9262-6523e9accb2b}" IsUserDefined="0" ordinalvalue="0">
                  <columns>
                    <column width="100%" id="0">
                      <sections>
                        <section name="name" showlabel="false" showbar="false" id="{5a43a4e9-5370-4ee7-9f71-9ef915467f90}" IsUserDefined="0" ordinalvalue="0">
                          <rows>
                            <row>
                              <cell colspan="2" id="{f5abdb46-bdc6-4196-ab85-352a02d457b1}" ordinalvalue="10000">
                                <labels>
                                  <label description="Topic" languagecode="1033" solutionaction="Modified" />
                                </labels>
                              </cell>
                            </row>
                            <row>
                              <cell id="{8837d622-f436-4781-9a62-a7090e462fd1}" ordinalvalue="10001">
                                <labels>
                                  <label description="Salutation" languagecode="1033" solutionaction="Modified" />
                                </labels>
                              </cell>
                              <cell id="{4f4173e8-4588-4a7f-8973-e6fadf28b2b7}" ordinalvalue="20002">
                                <labels>
                                  <label description="Business Phone" languagecode="1033" solutionaction="Modified" />
                                </labels>
                              </cell>
                            </row>
                            <row>
                              <cell id="{c1e4f775-e881-4325-a22b-0e3203ec3f90}" ordinalvalue="10003">
                                <labels>
                                  <label description="First Name" languagecode="1033" solutionaction="Modified" />
                                </labels>
                              </cell>
                              <cell id="{71a28a3f-f1b6-45e8-b6b0-4c820c0a7f97}" ordinalvalue="20004">
                                <labels>
                                  <label description="Home Phone" languagecode="1033" solutionaction="Modified" />
                                </labels>
                              </cell>
                            </row>
                            <row>
                              <cell id="{e93f7539-ba2f-423d-ba9e-64559c5846dd}" ordinalvalue="10005">
                                <labels>
                                  <label description="Last Name" languagecode="1033" solutionaction="Modified" />
                                </labels>
                              </cell>
                              <cell id="{3fbcf35b-a2fc-40f0-8830-d05bf15fec09}" ordinalvalue="20006">
                                <labels>
                                  <label description="Mobile Phone" languagecode="1033" solutionaction="Modified" />
                                </labels>
                              </cell>
                            </row>
                            <row>
                              <cell id="{9baf61b5-6db3-4404-a5cb-e9120c846e12}" ordinalvalue="10007">
                                <labels>
                                  <label description="Job Title" languagecode="1033" solutionaction="Modified" />
                                </labels>
                              </cell>
                              <cell id="{90b84274-9c76-4446-a492-4a73240d5fd1}" ordinalvalue="20008">
                                <labels>
                                  <label description="Fax" languagecode="1033" solutionaction="Modified" />
                                </labels>
                              </cell>
                            </row>
                            <row>
                              <cell id="{fe0f5b16-6f30-43fb-bec1-9d64e9a7e50a}" ordinalvalue="10009">
                                <labels>
                                  <label description="Company Name" languagecode="1033" solutionaction="Modified" />
                                </labels>
                              </cell>
                              <cell id="{c29a0157-b97a-4ec3-a928-6f15d32b5443}" ordinalvalue="20010">
                                <labels>
                                  <label description="Other Phone" languagecode="1033" solutionaction="Modified" />
                                </labels>
                              </cell>
                            </row>
                            <row>
                              <cell id="{dcca19b7-d09e-43d1-b9d2-e46b4c12a282}" ordinalvalue="10011">
                                <labels>
                                  <label description="Website" languagecode="1033" solutionaction="Modified" />
                                </labels>
                              </cell>
                              <cell id="{545566e9-8f44-4e62-b53c-7ec22a445b8d}" ordinalvalue="20012">
                                <labels>
                                  <label description="Pager" languagecode="1033" solutionaction="Modified" />
                                </labels>
                              </cell>
                            </row>
                            <row>
                              <cell id="{3a7bde9a-c4f5-4fcf-a6f0-b506947ed04f}" ordinalvalue="10013">
                                <labels>
                                  <label description="Email" languagecode="1033" solutionaction="Modified" />
                                </labels>
                              </cell>
                            </row>
                          </rows>
                        </section>
                        <section name="address" showlabel="true" showbar="true" id="{e5d01544-1a3e-481f-803c-59b3fbaa54c9}" IsUserDefined="0" ordinalvalue="1">
                          <rows>
                            <row>
                              <cell id="{953c6b4f-4aba-4180-87e5-9d43cc8cb597}" ordinalvalue="10000">
                                <labels>
                                  <label description="Street 1" languagecode="1033" solutionaction="Modified" />
                                </labels>
                              </cell>
                              <cell id="{ce675cdb-f381-45c8-92e5-da12dfa0a504}" ordinalvalue="20001">
                                <labels>
                                  <label description="State/Province" languagecode="1033" solutionaction="Modified" />
                                </labels>
                              </cell>
                            </row>
                            <row>
                              <cell id="{d20999d7-74ce-476e-8701-b279f0a4565f}" ordinalvalue="10002">
                                <labels>
                                  <label description="Street 2" languagecode="1033" solutionaction="Modified" />
                                </labels>
                              </cell>
                              <cell id="{d5d0131a-754e-4b88-9490-5d831d638ef8}" ordinalvalue="20003">
                                <labels>
                                  <label description="ZIP/Postal Code" languagecode="1033" solutionaction="Modified" />
                                </labels>
                              </cell>
                            </row>
                            <row>
                              <cell id="{75c9a302-de32-41a9-9c88-0f394165e41b}" ordinalvalue="10004">
                                <labels>
                                  <label description="Street 3" languagecode="1033" solutionaction="Modified" />
                                </labels>
                              </cell>
                              <cell id="{7b8c1346-c8d4-426a-aa04-847c012d1f8e}" ordinalvalue="20005">
                                <labels>
                                  <label description="Country/Region" languagecode="1033" solutionaction="Modified" />
                                </labels>
                              </cell>
                            </row>
                            <row>
                              <cell id="{29d49ccd-f962-4076-9b7a-eecbd1528bff}" ordinalvalue="10006">
                                <labels>
                                  <label description="City" languagecode="1033" solutionaction="Modified" />
                                </labels>
                              </cell>
                            </row>
                          </rows>
                        </section>
                        <section name="description" showlabel="true" showbar="true" id="{2be84c3a-e676-40d0-9235-e9df8ed51132}" IsUserDefined="0" height="auto" ordinalvalue="2">
                          <rows>
                            <row>
                              <cell colspan="2" showlabel="false" rowspan="5" auto="true" id="{eef9a2d6-9191-41ca-9183-b9d9dd522197}" ordinalvalue="10000">
                                <labels>
                                  <label description="Description" languagecode="1033" solutionaction="Modified" />
                                </labels>
                              </cell>
                            </row>
                          </rows>
                        </section>
                      </sections>
                    </column>
                  </columns>
                </tab>
                <tab name="details" id="{efe71f58-9794-4dd7-a20b-1bd9b76d17fd}" IsUserDefined="0" ordinalvalue="1">
                  <columns>
                    <column width="100%" id="0">
                      <sections>
                        <section name="lead information" showlabel="true" showbar="true" id="{c921553b-9726-4147-9775-62f261cb132f}" IsUserDefined="0" ordinalvalue="0">
                          <rows>
                            <row>
                              <cell id="{6b8eeaf0-8890-475f-bdde-c2bb82d6239f}" ordinalvalue="10000">
                                <labels>
                                  <label description="Lead Source" languagecode="1033" solutionaction="Modified" />
                                </labels>
                              </cell>
                              <cell id="{11c7bf80-611e-43bd-a1c1-4dd3052a56eb}" ordinalvalue="20001">
                                <labels>
                                  <label description="Rating" languagecode="1033" solutionaction="Modified" />
                                </labels>
                              </cell>
                            </row>
                          </rows>
                        </section>
                        <section name="company information" showlabel="true" showbar="true" id="{94ac0f3a-3ae8-4436-8a7d-b55160245ba5}" IsUserDefined="0" ordinalvalue="1">
                          <rows>
                            <row>
                              <cell colspan="2" id="{1d04ff27-918a-4aed-9e2c-fd641b17224a}" ordinalvalue="10000">
                                <labels>
                                  <label description="Industry" languagecode="1033" solutionaction="Modified" />
                                </labels>
                              </cell>
                            </row>
                            <row>
                              <cell id="{e557514d-21f6-48a2-8b1c-a98ab8e536e9}" ordinalvalue="10001">
                                <labels>
                                  <label description="Currency" languagecode="1033" solutionaction="Modified" />
                                </labels>
                              </cell>
                              <cell id="{cfd2a725-d881-4963-98ba-0497742b9459}" ordinalvalue="20002">
                                <labels>
                                  <label description="SIC Code" languagecode="1033" solutionaction="Modified" />
                                </labels>
                              </cell>
                            </row>
                            <row>
                              <cell id="{eab67fa9-8a8c-4bf4-9492-02fde389d3e4}" ordinalvalue="10003">
                                <labels>
                                  <label description="Annual Revenue" languagecode="1033" solutionaction="Modified" />
                                </labels>
                              </cell>
                              <cell id="{2874daa4-180f-4594-b423-287a6cb8b2b1}" ordinalvalue="20004">
                                <labels>
                                  <label description="No. of Employees" languagecode="1033" solutionaction="Modified" />
                                </labels>
                              </cell>
                            </row>
                          </rows>
                        </section>
                      </sections>
                    </column>
                  </columns>
                </tab>
                <tab name="administration" id="{3b298b0f-ce9e-4c1b-846e-f0da12a270c4}" IsUserDefined="0" ordinalvalue="3">
                  <columns>
                    <column width="100%" id="0">
                      <sections>
                        <section name="internal information" showlabel="false" showbar="false" id="{168630c1-8a8a-4c90-babe-125d6f98231f}" IsUserDefined="0" ordinalvalue="0">
                          <rows>
                            <row>
                              <cell id="{32e9d8bb-94e0-4dcf-b479-7ccb27136dd2}" ordinalvalue="10000">
                                <labels>
                                  <label description="Owner" languagecode="1033" solutionaction="Modified" />
                                </labels>
                              </cell>
                              <cell id="{b21ecc50-d63e-4ddd-bcbc-3e9901ef111c}" ordinalvalue="20001">
                                <labels>
                                  <label description="Status Reason" languagecode="1033" solutionaction="Modified" />
                                </labels>
                              </cell>
                            </row>
                          </rows>
                        </section>
                        <section name="marketing information" showlabel="true" showbar="true" locklevel="0" id="{f1ebe00b-8f2d-4622-bceb-f47e2b9219ef}" IsUserDefined="0" layout="varheight" columns="11" ordinalvalue="2">
                          <rows>
                            <row>
                              <cell auto="false" showlabel="true" locklevel="0" rowspan="1" colspan="1" id="{a5245d08-403f-4504-9607-9395a5bda997}" ordinalvalue="10000">
                                <labels>
                                  <label description="Source Campaign" languagecode="1033" solutionaction="Modified" />
                                </labels>
                              </cell>
                              <cell auto="false" showlabel="true" locklevel="0" rowspan="1" colspan="1" id="{641b5024-3331-43fc-8a13-c733fc38cca8}" ordinalvalue="20001">
                                <labels>
                                  <label description="Last Campaign Date" languagecode="1033" solutionaction="Modified" />
                                </labels>
                              </cell>
                            </row>
                            <row>
                              <cell auto="false" showlabel="true" locklevel="0" rowspan="1" colspan="1" id="{1d848663-e0ba-4092-a108-fbb0f50c72f8}" ordinalvalue="10002">
                                <labels>
                                  <label description="Marketing Material" languagecode="1033" solutionaction="Modified" />
                                </labels>
                              </cell>
                            </row>
                          </rows>
                        </section>
                      </sections>
                    </column>
                  </columns>
                </tab>
              </tabs>
              <header id="{7cd72c36-6344-4e64-b476-e4ca7796c834}" celllabelposition="Top">
                <rows>
                  <row>
                    <cell id="{6c75c836-91d0-827c-3a24-06938d1b8cbc}" ordinalvalue="10000">
                      <labels>
                        <label description="Lead Source" languagecode="1033" solutionaction="Modified" />
                      </labels>
                    </cell>
                    <cell id="{74683b38-69ab-3be7-b5cd-6bcb85136693}" ordinalvalue="20001">
                      <labels>
                        <label description="Rating" languagecode="1033" solutionaction="Modified" />
                      </labels>
                    </cell>
                    <cell id="{72aa6ca2-a299-d6e5-380e-66ac1760839e}" ordinalvalue="30002">
                      <labels>
                        <label description="Owner" languagecode="1033" solutionaction="Modified" />
                      </labels>
                    </cell>
                  </row>
                </rows>
              </header>
            </form>
            <LocalizedNames>
              <LocalizedName description="Information" languagecode="1033" />
            </LocalizedNames>
            <Descriptions>
              <Description description="A form for this entity." languagecode="1033" />
            </Descriptions>
          </systemform>
          <systemform>
            <formid>{58e33e09-b61c-4f57-bd96-1ed86dbefc40}</formid>
            <IntroducedVersion>1.0</IntroducedVersion>
            <FormPresentation>1</FormPresentation>
            <FormActivationState>1</FormActivationState>
            <form showImage="true" shownavigationbar="true" maxWidth="1920">
              <tabs>
                <tab name="details_tab" id="{9008acae-4b08-4be6-a5d3-aef9155a7f16}" IsUserDefined="0" labelid="{09834315-384e-4a18-a5f6-e2db587226ee}" locklevel="0" expanded="true" showlabel="true" ordinalvalue="1">
                  <columns>
                    <column width="55%" id="0">
                      <sections>
                        <section name="Contact" showlabel="true" showbar="false" id="{5693ad37-350f-4f0e-b03a-4212e78c9b6e}" IsUserDefined="0" columns="1" locklevel="0" labelwidth="115" celllabelposition="Left" labelid="{74bf4f0e-a450-4132-b616-579062f64bd9}" celllabelalignment="Left" ordinalvalue="0">
                          <rows>
                            <row>
                              <cell id="{4c5c04eb-beea-433f-994a-5b3ddde2b924}" labelid="{499a9fba-b829-4d61-8709-00421839145d}" showlabel="true" locklevel="0" ordinalvalue="10003" solutionaction="Modified">
                                <control id="telephone1" classid="{F9A8A302-114E-466A-B582-6771B2AE0D92}" datafieldname="telephone1" uniqueid="{42a95309-30ec-d6bb-845b-eb705ceb7776}" disabled="false" solutionaction="Modified" />
                              </cell>
                            </row>
                          </rows>
                        </section>
                      </sections>
                    </column>
                  </columns>
                </tab>
              </tabs>
              <controlDescriptions>
                <controlDescription forControl="{42a95309-30ec-d6bb-845b-eb705ceb7776}" solutionaction="Added">
                  <customControl id="{4273EDBD-AC1D-40d3-9FB2-095C621B552D}">
                    <parameters>
                      <datafieldname>telephone1</datafieldname>
                    </parameters>
                  </customControl>
                  <customControl formFactor="0" name="MscrmControls.InputMask.InputMaskControl">
                    <parameters>
                      <value>telephone1</value>
                      <mask static="true" type="SingleLine.Text">+355000000000</mask>
                    </parameters>
                  </customControl>
                  <customControl formFactor="1" name="MscrmControls.InputMask.InputMaskControl">
                    <parameters>
                      <value>telephone1</value>
                      <mask static="true" type="SingleLine.Text">+355000000000</mask>
                    </parameters>
                  </customControl>
                  <customControl formFactor="2" name="MscrmControls.InputMask.InputMaskControl">
                    <parameters>
                      <value>telephone1</value>
                      <mask static="true" type="SingleLine.Text">+355000000000</mask>
                    </parameters>
                  </customControl>
                </controlDescription>
              </controlDescriptions>
            </form>
            <LocalizedNames>
              <LocalizedName description="Sales Trial" languagecode="1033" />
            </LocalizedNames>
            <Descriptions>
              <Description description="Updated Trial Lead form" languagecode="1033" />
            </Descriptions>
          </systemform>
        </forms>
        <forms type="quickCreate">
          <systemform>
            <formid>{aa7c154f-e2f8-45db-b780-a9a8a96332fe}</formid>
            <IntroducedVersion>6.0.0.0</IntroducedVersion>
            <FormPresentation>0</FormPresentation>
            <FormActivationState>1</FormActivationState>
            <form maxWidth="1900">
              <tabs>
                <tab id="{642ad7f5-35a7-441c-bce2-c5f7a959bd1c}" name="tab_1" showlabel="false" IsUserDefined="0" ordinalvalue="0">
                  <columns>
                    <column width="33%" id="0">
                      <sections>
                        <section id="{0668e070-46f8-4f45-9081-ac7495ece432}" name="tab_1_column_1_section_1" columns="1" showlabel="true" showbar="false" IsUserDefined="0" locklevel="0" labelwidth="115" celllabelalignment="Left" celllabelposition="Left" ordinalvalue="0">
                          <rows>
                            <row>
                              <cell id="{beb24ab9-c61e-833a-bde4-52e3e6677abc}" showlabel="false" locklevel="0" visible="false" ordinalvalue="10000">
                                <labels>
                                  <label description="Business Card" languagecode="1033" solutionaction="Modified" />
                                </labels>
                              </cell>
                            </row>
                            <row>
                              <cell id="{22b4d4ee-1185-6540-b030-d2441461a65d}" showlabel="true" locklevel="0" ordinalvalue="10001">
                                <labels>
                                  <label description="Topic" languagecode="1033" solutionaction="Modified" />
                                </labels>
                              </cell>
                            </row>
                            <row>
                              <cell id="{bbe12593-ab5c-17b3-e6ae-d8286ac57562}" showlabel="true" locklevel="0" ordinalvalue="10002">
                                <labels>
                                  <label description="Budget Amount" languagecode="1033" solutionaction="Modified" />
                                </labels>
                              </cell>
                            </row>
                            <row>
                              <cell id="{e91c0d72-e55c-430b-2a33-7d80265262e9}" showlabel="true" locklevel="0" ordinalvalue="10003">
                                <labels>
                                  <label description="Purchase Timeframe" languagecode="1033" solutionaction="Modified" />
                                </labels>
                              </cell>
                            </row>
                            <row>
                              <cell id="{b25a870d-583e-5b31-9478-ddd53d5d1b22}" showlabel="true" locklevel="0" ordinalvalue="10004">
                                <labels>
                                  <label description="Lead Source" languagecode="1033" solutionaction="Modified" />
                                </labels>
                              </cell>
                            </row>
                          </rows>
                        </section>
                      </sections>
                    </column>
                    <column width="33%" id="1">
                      <sections>
                        <section id="{b2d567b1-095d-4836-ba59-338015565ae7}" name="tab_1_column_2_section_1" columns="1" showlabel="true" showbar="false" IsUserDefined="0" locklevel="0" labelwidth="115" celllabelalignment="Left" celllabelposition="Left" ordinalvalue="0">
                          <rows>
                            <row>
                              <cell id="{bac9be72-111a-e10e-4110-be829bc95920}" showlabel="true" locklevel="0" ordinalvalue="10000">
                                <labels>
                                  <label description="First Name" languagecode="1033" solutionaction="Modified" />
                                </labels>
                              </cell>
                            </row>
                            <row>
                              <cell id="{374c49c9-b9b6-28de-3e6d-47e2c2b03aed}" showlabel="true" locklevel="0" ordinalvalue="10001">
                                <labels>
                                  <label description="Last Name" languagecode="1033" solutionaction="Modified" />
                                </labels>
                              </cell>
                            </row>
                            <row>
                              <cell id="{864a783c-3918-171e-7083-747bce6a5a50}" showlabel="true" locklevel="0" ordinalvalue="10002">
                                <labels>
                                  <label description="Job Title" languagecode="1033" solutionaction="Modified" />
                                </labels>
                              </cell>
                            </row>
                            <row>
                              <cell id="{98cc5527-c277-63bb-2465-86ebb86a6952}" showlabel="true" locklevel="0" ordinalvalue="10003">
                                <labels>
                                  <label description="Company Name" languagecode="1033" solutionaction="Modified" />
                                </labels>
                              </cell>
                            </row>
                          </rows>
                        </section>
                      </sections>
                    </column>
                    <column width="33%" id="2">
                      <sections>
                        <section id="{180cd545-7976-4271-aa97-ef1588f31a58}" name="tab_1_column_3_section_1" columns="1" showlabel="true" showbar="false" IsUserDefined="0" locklevel="0" labelwidth="115" celllabelalignment="Left" celllabelposition="Left" ordinalvalue="0">
                          <rows>
                            <row>
                              <cell id="{48ea5756-3e76-083b-b75a-10d1e4410c7c}" showlabel="true" locklevel="0" ordinalvalue="10000">
                                <labels>
                                  <label description="Email" languagecode="1033" solutionaction="Modified" />
                                </labels>
                              </cell>
                            </row>
                            <row>
                              <cell id="{8801d590-d8e8-cde5-5016-75430cb7c1ea}" showlabel="true" locklevel="0" ordinalvalue="10001">
                                <labels>
                                  <label description="Mobile Phone" languagecode="1033" solutionaction="Modified" />
                                </labels>
                              </cell>
                            </row>
                            <row>
                              <cell id="{17b2796d-5aec-c6dd-22d2-54833b65650c}" showlabel="true" locklevel="0" rowspan="2" ordinalvalue="10002">
                                <labels>
                                  <label description="Description" languagecode="1033" solutionaction="Modified" />
                                </labels>
                              </cell>
                            </row>
                          </rows>
                        </section>
                      </sections>
                    </column>
                  </columns>
                </tab>
              </tabs>
            </form>
            <LocalizedNames>
              <LocalizedName description="Lead Quick Create" languagecode="1033" />
            </LocalizedNames>
            <Descriptions>
              <Description description="Default quick create form for Lead" languagecode="1033" />
            </Descriptions>
          </systemform>
        </forms>
      </FormXml>
      <RibbonDiffXml>
        <CustomActions />
        <Templates>
          <RibbonTemplates Id="Mscrm.Templates"></RibbonTemplates>
        </Templates>
        <CommandDefinitions />
        <RuleDefinitions>
          <TabDisplayRules />
          <DisplayRules />
          <EnableRules />
        </RuleDefinitions>
        <LocLabels />
      </RibbonDiffXml>
    </Entity>
  </Entities>
  <Roles></Roles>
  <Workflows>
    <Workflow WorkflowId="{afece75e-0e68-43b2-9c64-b7fad723f19a}" Name="Follow up Task">
      <XamlFileName>/Workflows/FollowupTask-AFECE75E-0E68-43B2-9C64-B7FAD723F19A.xaml</XamlFileName>
      <Type>1</Type>
      <Subprocess>0</Subprocess>
      <Category>0</Category>
      <Mode>1</Mode>
      <Scope>4</Scope>
      <OnDemand>0</OnDemand>
      <TriggerOnCreate>1</TriggerOnCreate>
      <TriggerOnDelete>0</TriggerOnDelete>
      <AsyncAutodelete>1</AsyncAutodelete>
      <SyncWorkflowLogOnFailure>1</SyncWorkflowLogOnFailure>
      <StateCode>1</StateCode>
      <StatusCode>2</StatusCode>
      <RunAs>1</RunAs>
      <IsTransacted>1</IsTransacted>
      <IntroducedVersion>1.0.0.0</IntroducedVersion>
      <IsCustomizable>1</IsCustomizable>
      <IsCustomProcessingStepAllowedForOtherPublishers>1</IsCustomProcessingStepAllowedForOtherPublishers>
      <PrimaryEntity>Lead</PrimaryEntity>
      <LocalizedNames>
        <LocalizedName languagecode="1033" description="Follow up Task" />
      </LocalizedNames>
    </Workflow>
  </Workflows>
  <FieldSecurityProfiles></FieldSecurityProfiles>
  <Templates />
  <EntityMaps />
  <EntityRelationships>
    <EntityRelationship Name="msdyn_msdyn_leadkpiitem_lead_leadkpiid">
      <EntityRelationshipType>OneToMany</EntityRelationshipType>
      <IntroducedVersion>1.0</IntroducedVersion>
      <IsHierarchical>0</IsHierarchical>
      <ReferencingEntityName>Lead</ReferencingEntityName>
      <ReferencedEntityName>msdyn_leadkpiitem</ReferencedEntityName>
      <CascadeAssign>NoCascade</CascadeAssign>
      <CascadeDelete>RemoveLink</CascadeDelete>
      <CascadeArchive>NoCascade</CascadeArchive>
      <CascadeReparent>NoCascade</CascadeReparent>
      <CascadeShare>NoCascade</CascadeShare>
      <CascadeUnshare>NoCascade</CascadeUnshare>
      <CascadeRollupView>NoCascade</CascadeRollupView>
      <IsValidForAdvancedFind>1</IsValidForAdvancedFind>
      <ReferencingAttributeName>msdyn_leadkpiid</ReferencingAttributeName>
      <RelationshipDescription>
        <Descriptions>
          <Description description="LeadKPIId" languagecode="1033" />
        </Descriptions>
      </RelationshipDescription>
      <EntityRelationshipRoles>
        <EntityRelationshipRole>
          <NavPaneDisplayOption>DoNotDisplay</NavPaneDisplayOption>
          <NavPaneArea>Details</NavPaneArea>
          <NavPaneOrder>10000</NavPaneOrder>
          <NavigationPropertyName>msdyn_leadkpiid</NavigationPropertyName>
          <CustomLabels>
            <CustomLabel description="" languagecode="1033" />
          </CustomLabels>
          <RelationshipRoleType>1</RelationshipRoleType>
        </EntityRelationshipRole>
        <EntityRelationshipRole>
          <RelationshipRoleType>0</RelationshipRoleType>
        </EntityRelationshipRole>
      </EntityRelationshipRoles>
    </EntityRelationship>
    <EntityRelationship Name="msdyn_msdyn_predictivescore_lead">
      <EntityRelationshipType>OneToMany</EntityRelationshipType>
      <IntroducedVersion>1.0.0.0</IntroducedVersion>
      <IsHierarchical>0</IsHierarchical>
      <ReferencingEntityName>Lead</ReferencingEntityName>
      <ReferencedEntityName>msdyn_predictivescore</ReferencedEntityName>
      <CascadeAssign>NoCascade</CascadeAssign>
      <CascadeDelete>RemoveLink</CascadeDelete>
      <CascadeArchive>NoCascade</CascadeArchive>
      <CascadeReparent>NoCascade</CascadeReparent>
      <CascadeShare>NoCascade</CascadeShare>
      <CascadeUnshare>NoCascade</CascadeUnshare>
      <CascadeRollupView>NoCascade</CascadeRollupView>
      <IsValidForAdvancedFind>1</IsValidForAdvancedFind>
      <ReferencingAttributeName>msdyn_PredictiveScoreId</ReferencingAttributeName>
      <RelationshipDescription>
        <Descriptions>
          <Description description="Predictive score" languagecode="1033" />
        </Descriptions>
      </RelationshipDescription>
      <EntityRelationshipRoles>
        <EntityRelationshipRole>
          <NavPaneDisplayOption>DoNotDisplay</NavPaneDisplayOption>
          <NavPaneArea>Details</NavPaneArea>
          <NavPaneOrder>10000</NavPaneOrder>
          <NavigationPropertyName>msdyn_PredictiveScoreId</NavigationPropertyName>
          <RelationshipRoleType>1</RelationshipRoleType>
        </EntityRelationshipRole>
        <EntityRelationshipRole>
          <RelationshipRoleType>0</RelationshipRoleType>
        </EntityRelationshipRole>
      </EntityRelationshipRoles>
    </EntityRelationship>
    <EntityRelationship Name="msdyn_msdyn_segment_lead">
      <EntityRelationshipType>OneToMany</EntityRelationshipType>
      <IntroducedVersion>9.1.0.0</IntroducedVersion>
      <IsHierarchical>0</IsHierarchical>
      <ReferencingEntityName>Lead</ReferencingEntityName>
      <ReferencedEntityName>msdyn_segment</ReferencedEntityName>
      <CascadeAssign>NoCascade</CascadeAssign>
      <CascadeDelete>RemoveLink</CascadeDelete>
      <CascadeArchive>NoCascade</CascadeArchive>
      <CascadeReparent>NoCascade</CascadeReparent>
      <CascadeShare>NoCascade</CascadeShare>
      <CascadeUnshare>NoCascade</CascadeUnshare>
      <CascadeRollupView>NoCascade</CascadeRollupView>
      <IsValidForAdvancedFind>1</IsValidForAdvancedFind>
      <ReferencingAttributeName>msdyn_segmentid</ReferencingAttributeName>
      <RelationshipDescription>
        <Descriptions>
          <Description description="Unique identifier for Segment associated with Lead." languagecode="1033" />
        </Descriptions>
      </RelationshipDescription>
      <EntityRelationshipRoles>
        <EntityRelationshipRole>
          <NavPaneDisplayOption>UseCollectionName</NavPaneDisplayOption>
          <NavPaneArea>Details</NavPaneArea>
          <NavPaneOrder>10000</NavPaneOrder>
          <NavigationPropertyName>msdyn_segmentid</NavigationPropertyName>
          <RelationshipRoleType>1</RelationshipRoleType>
        </EntityRelationshipRole>
        <EntityRelationshipRole>
          <RelationshipRoleType>0</RelationshipRoleType>
        </EntityRelationshipRole>
      </EntityRelationshipRoles>
    </EntityRelationship>
  </EntityRelationships>
  <OrganizationSettings />
  <optionsets />
  <InteractionCentricDashboards>
    <InteractionCentricDashboard>
      <LocalizedNames>
        <LocalizedName description="Leads Dashboard" languagecode="1033" />
      </LocalizedNames>
      <FormId>{9a14ebb4-143e-e711-80e1-00155d871bb4}</FormId>
      <IsDefault>0</IsDefault>
      <FormXml>
        <forms type="interactioncentricdashboard">
          <form>
            <tabs filterby="createdon" timeframe="7" primaryentitylogicalname="lead" entityview="{5A926B99-3A5F-DF11-AE90-00155D2E3002}" dashboardCategory="1_1" tilespresent="false">
              <tab showlabel="true" verticallayout="true" collapsible="true" id="{882e84a0-9536-4721-acf5-28ee5dcc1445}">
                <labels>
                  <label description="Visual Filters" languagecode="1033" />
                </labels>
                <columns>
                  <column width="100%">
                    <sections>
                      <section name="VisualFilters" showlabel="false" showbar="false" columns="111" id="{a0c0ce4a-dff2-439a-8add-976f70fb12b5}">
                        <labels>
                          <label description="Section" languagecode="1033" />
                        </labels>
                        <rows>
                          <row>
                            <cell colspan="1" rowspan="12" showlabel="false" ischartcell="true" id="{c8fda591-d793-486b-a91d-d629e08c10b4}" auto="false">
                              <labels>
                                <label description="Lead" languagecode="1033" />
                              </labels>
                              <control id="Componentb331101" uniqueid="{e4c6a707-b389-68c1-aba1-2d2041431cd2}" classid="{E7A81278-8635-4d9e-8D4D-59480B391C5B}" indicationOfSubgrid="true">
                                <parameters>
                                  <TargetEntityType>lead</TargetEntityType>
                                  <ChartGridMode>Chart</ChartGridMode>
                                  <EnableQuickFind>false</EnableQuickFind>
                                  <EnableViewPicker>false</EnableViewPicker>
                                  <EnableJumpBar>false</EnableJumpBar>
                                  <RecordsPerPage>10</RecordsPerPage>
                                  <HeaderColorCode />
                                  <ViewId>{5A926B99-3A5F-DF11-AE90-00155D2E3002}</ViewId>
                                  <IsUserView>false</IsUserView>
                                  <ViewIds />
                                  <AutoExpand>Fixed</AutoExpand>
                                  <VisualizationId>{D311600C-163A-E711-80E3-00155D42A416}</VisualizationId>
                                  <IsUserChart>false</IsUserChart>
                                  <EnableChartPicker>false</EnableChartPicker>
                                  <RelationshipName />
                                </parameters>
                              </control>
                            </cell>
                            <cell colspan="1" rowspan="12" showlabel="false" ischartcell="true" id="{a40c0d0e-851a-49a6-b572-531b8d6129a4}" auto="false">
                              <labels>
                                <label description="Lead" languagecode="1033" />
                              </labels>
                              <control id="Componentd3ca6ed" uniqueid="{99e786e0-b75c-1488-2e53-0804253a25b5}" classid="{E7A81278-8635-4d9e-8D4D-59480B391C5B}" indicationOfSubgrid="true">
                                <parameters>
                                  <TargetEntityType>lead</TargetEntityType>
                                  <ChartGridMode>Chart</ChartGridMode>
                                  <EnableQuickFind>false</EnableQuickFind>
                                  <EnableViewPicker>false</EnableViewPicker>
                                  <EnableJumpBar>false</EnableJumpBar>
                                  <RecordsPerPage>10</RecordsPerPage>
                                  <HeaderColorCode />
                                  <ViewId>{5A926B99-3A5F-DF11-AE90-00155D2E3002}</ViewId>
                                  <IsUserView>false</IsUserView>
                                  <ViewIds />
                                  <AutoExpand>Fixed</AutoExpand>
                                  <VisualizationId>{F5976C58-5693-DE11-97D4-00155DA3B01E}</VisualizationId>
                                  <IsUserChart>false</IsUserChart>
                                  <EnableChartPicker>false</EnableChartPicker>
                                  <RelationshipName />
                                </parameters>
                              </control>
                            </cell>
                            <cell colspan="1" rowspan="12" showlabel="false" ischartcell="true" id="{85545e97-0104-4f08-a6d5-8beba74d037a}" auto="false">
                              <labels>
                                <label description="Lead" languagecode="1033" />
                              </labels>
                              <control id="Componentf835e12" uniqueid="{73bd691d-c3de-edb2-ca38-bec43ded894c}" classid="{E7A81278-8635-4d9e-8D4D-59480B391C5B}" indicationOfSubgrid="true">
                                <parameters>
                                  <TargetEntityType>lead</TargetEntityType>
                                  <ChartGridMode>Chart</ChartGridMode>
                                  <EnableQuickFind>false</EnableQuickFind>
                                  <EnableViewPicker>false</EnableViewPicker>
                                  <EnableJumpBar>false</EnableJumpBar>
                                  <RecordsPerPage>10</RecordsPerPage>
                                  <HeaderColorCode />
                                  <ViewId>{5A926B99-3A5F-DF11-AE90-00155D2E3002}</ViewId>
                                  <IsUserView>false</IsUserView>
                                  <ViewIds />
                                  <AutoExpand>Fixed</AutoExpand>
                                  <VisualizationId>{B92A5119-193A-E711-80E3-00155D42A416}</VisualizationId>
                                  <IsUserChart>false</IsUserChart>
                                  <EnableChartPicker>false</EnableChartPicker>
                                  <RelationshipName />
                                </parameters>
                              </control>
                            </cell>
                          </row>
                          <row />
                          <row />
                          <row />
                          <row />
                          <row />
                          <row />
                          <row />
                          <row />
                          <row />
                          <row />
                          <row />
                        </rows>
                      </section>
                    </sections>
                  </column>
                </columns>
              </tab>
              <tab name="StreamsContainer" showlabel="true" verticallayout="true" collapsible="false" id="{e8dffa9b-19ad-4b5d-bbbb-18d97eecc878}">
                <labels>
                  <label description="Streams" languagecode="1033" />
                </labels>
                <columns>
                  <column width="100%">
                    <sections>
                      <section name="Streams" showlabel="false" showbar="false" columns="1111" id="{c6dae392-5c89-4418-be87-faa9006a8c5c}">
                        <labels>
                          <label description="Section" languagecode="1033" />
                        </labels>
                        <rows>
                          <row>
                            <cell colspan="4" rowspan="12" showlabel="false" isstreamcell="true" id="{374ee018-b6c4-4749-9aa9-85c001795cd5}">
                              <labels>
                                <label description="" languagecode="1033" />
                              </labels>
                              <control id="Component{71203de0-1572-9d25-7be5-7d25e0d0981d}" classid="{EE9078C8-6946-4E2C-B8F8-35E65F4BE6A8}">
                                <parameters>
                                  <StreamObjects>
                                    <ShowAsTiles>false</ShowAsTiles>
                                    <StreamObject id="{e160e32c-e188-713e-2205-c518e555ea71}" type="1">
                                      <LogicalEntityName>lead</LogicalEntityName>
                                      <EntityViewId>{00000000-0000-0000-00AA-000010001005}</EntityViewId>
                                    </StreamObject>
                                    <StreamObject id="{6ed9303a-9a88-26bd-3418-426e0d520e75}" type="1">
                                      <LogicalEntityName>lead</LogicalEntityName>
                                      <EntityViewId>{00000000-0000-0000-00AA-000010001006}</EntityViewId>
                                    </StreamObject>
                                    <StreamObject id="{c24409c1-7b5a-64b9-44d5-a9b660c4d657}" type="1">
                                      <LogicalEntityName>lead</LogicalEntityName>
                                      <EntityViewId>{00000000-0000-0000-00AA-000010001009}</EntityViewId>
                                    </StreamObject>
                                    <StreamObject id="{335bb01d-e324-11ca-5240-c122e8664316}" type="1">
                                      <LogicalEntityName>lead</LogicalEntityName>
                                      <EntityViewId>{5A926B99-3A5F-DF11-AE90-00155D2E3002}</EntityViewId>
                                    </StreamObject>
                                  </StreamObjects>
                                </parameters>
                              </control>
                            </cell>
                          </row>
                          <row />
                          <row />
                          <row />
                          <row />
                          <row />
                          <row />
                          <row />
                          <row />
                          <row />
                          <row />
                          <row />
                        </rows>
                      </section>
                    </sections>
                  </column>
                </columns>
              </tab>
            </tabs>
          </form>
        </forms>
      </FormXml>
      <IntroducedVersion>1.0</IntroducedVersion>
      <IsTabletEnabled>0</IsTabletEnabled>
    </InteractionCentricDashboard>
  </InteractionCentricDashboards>
  <CustomControls />
  <EntityDataProviders />
  <Languages>
    <Language>1033</Language>
  </Languages>
</ImportExportXml>